sample-id	barcode-sequence	treatment-group	time-point-day	animal-number	alive-all	treatment-group-time-mouse	time-treatment-group-mouse	treatment-group-time	time-point-day-num
#q2:types	categorical	categorical	categorical	categorical	categorical	categorical	categorical	categorical	numeric
1T0	ACTTTCGTAGAGAGAC	spTEM1	0	1	yes	spTEM1-Jday0-Janimal1	Jday0-spTEM1-Janimal1	spTEM1-day0	0
2T0	ACTTTCGTGTGTGTAC	spTEM1	0	2	yes	spTEM1-Jday0-Ianimal2	Jday0-spTEM1-Ianimal2	spTEM1-day0	0
3T0	ACTTTCGTTCTCTCAC	spTEM1	0	3	no	spTEM1-Jday0-Hanimal3	Jday0-spTEM1-Hanimal3	spTEM1-day0	0
4T0	ACTTTCGTCACACAAC	spTEM1	0	4	yes	spTEM1-Jday0-Ganimal4	Jday0-spTEM1-Ganimal4	spTEM1-day0	0
5T0	ACTTTCGTAGGTTCAC	spTEM1	0	5	yes	spTEM1-Jday0-Fanimal5	Jday0-spTEM1-Fanimal5	spTEM1-day0	0
6T0	ACTTTCGTGTTCCAAC	spTEM1	0	6	yes	spTEM1-Jday0-Eanimal6	Jday0-spTEM1-Eanimal6	spTEM1-day0	0
7T0	ACTTTCGTTCCAAGAC	spTEM1	0	7	yes	spTEM1-Jday0-Danimal7	Jday0-spTEM1-Danimal7	spTEM1-day0	0
8T0	ACTTTCGTCAAGGTAC	spTEM1	0	8	no	spTEM1-Jday0-Canimal8	Jday0-spTEM1-Canimal8	spTEM1-day0	0
9T0	TAGTGACTAGAGAGAC	spTEM1	0	9	yes	spTEM1-Jday0-Banimal9	Jday0-spTEM1-Banimal9	spTEM1-day0	0
10T0	TAGTGACTGTGTGTAC	spTEM1	0	10	yes	spTEM1-Jday0-Aanimal10	Jday0-spTEM1-Aanimal10	spTEM1-day0	0
11T0	TAGTGACTTCTCTCAC	WT	0	11	yes	WT-Jday0-Janimal11	Jday0-WT-Janimal11	WT-day0	0
12T0	TAGTGACTCACACAAC	WT	0	12	yes	WT-Jday0-Ianimal12	Jday0-WT-Ianimal12	WT-day0	0
13T0	TAGTGACTAGGTTCAC	WT	0	13	yes	WT-Jday0-Hanimal13	Jday0-WT-Hanimal13	WT-day0	0
14T0	TAGTGACTGTTCCAAC	WT	0	14	yes	WT-Jday0-Ganimal14	Jday0-WT-Ganimal14	WT-day0	0
15T0	TAGTGACTTCCAAGAC	WT	0	15	yes	WT-Jday0-Fanimal15	Jday0-WT-Fanimal15	WT-day0	0
16T0	TAGTGACTCAAGGTAC	WT	0	16	yes	WT-Jday0-Eanimal16	Jday0-WT-Eanimal16	WT-day0	0
17T0	CTGTCGATAGAGAGAC	WT	0	17	yes	WT-Jday0-Danimal17	Jday0-WT-Danimal17	WT-day0	0
18T0	CTGTCGATGTGTGTAC	WT	0	18	yes	WT-Jday0-Canimal18	Jday0-WT-Canimal18	WT-day0	0
19T0	CTGTCGATTCTCTCAC	WT	0	19	yes	WT-Jday0-Banimal19	Jday0-WT-Banimal19	WT-day0	0
20T0	CTGTCGATCACACAAC	WT	0	20	yes	WT-Jday0-Aanimal20	Jday0-WT-Aanimal20	WT-day0	0
1T1	CTGTCGATAGGTTCAC	spTEM1	1	1	yes	spTEM1-Iday1-Janimal1	Iday1-spTEM1-Janimal1	spTEM1-day1	1
2T1	CTGTCGATGTTCCAAC	spTEM1	1	2	yes	spTEM1-Iday1-Ianimal2	Iday1-spTEM1-Ianimal2	spTEM1-day1	1
3T1	CTGTCGATTCCAAGAC	spTEM1	1	3	no	spTEM1-Iday1-Hanimal3	Iday1-spTEM1-Hanimal3	spTEM1-day1	1
4T1	CTGTCGATCAAGGTAC	spTEM1	1	4	yes	spTEM1-Iday1-Ganimal4	Iday1-spTEM1-Ganimal4	spTEM1-day1	1
5T1	CAGGTGTGAGAGAGAC	spTEM1	1	5	yes	spTEM1-Iday1-Fanimal5	Iday1-spTEM1-Fanimal5	spTEM1-day1	1
6T1	CAGGTGTGGTGTGTAC	spTEM1	1	6	yes	spTEM1-Iday1-Eanimal6	Iday1-spTEM1-Eanimal6	spTEM1-day1	1
7T1	CAGGTGTGTCTCTCAC	spTEM1	1	7	yes	spTEM1-Iday1-Danimal7	Iday1-spTEM1-Danimal7	spTEM1-day1	1
8T1	CAGGTGTGCACACAAC	spTEM1	1	8	no	spTEM1-Iday1-Canimal8	Iday1-spTEM1-Canimal8	spTEM1-day1	1
9T1	CAGGTGTGAGGTTCAC	spTEM1	1	9	yes	spTEM1-Iday1-Banimal9	Iday1-spTEM1-Banimal9	spTEM1-day1	1
10T1	CAGGTGTGGTTCCAAC	spTEM1	1	10	yes	spTEM1-Iday1-Aanimal10	Iday1-spTEM1-Aanimal10	spTEM1-day1	1
11T1	CAGGTGTGTCCAAGAC	WT	1	11	yes	WT-Iday1-Janimal11	Iday1-WT-Janimal11	WT-day1	1
12T1	CAGGTGTGCAAGGTAC	WT	1	12	yes	WT-Iday1-Ianimal12	Iday1-WT-Ianimal12	WT-day1	1
13T1	GTCTAGCCAGAGAGAC	WT	1	13	yes	WT-Iday1-Hanimal13	Iday1-WT-Hanimal13	WT-day1	1
14T1	GTCTAGCCGTGTGTAC	WT	1	14	yes	WT-Iday1-Ganimal14	Iday1-WT-Ganimal14	WT-day1	1
15T1	GTCTAGCCTCTCTCAC	WT	1	15	yes	WT-Iday1-Fanimal15	Iday1-WT-Fanimal15	WT-day1	1
16T1	GTCTAGCCCACACAAC	WT	1	16	yes	WT-Iday1-Eanimal16	Iday1-WT-Eanimal16	WT-day1	1
17T1	GTCTAGCCAGGTTCAC	WT	1	17	yes	WT-Iday1-Danimal17	Iday1-WT-Danimal17	WT-day1	1
18T1	GTCTAGCCGTTCCAAC	WT	1	18	yes	WT-Iday1-Canimal18	Iday1-WT-Canimal18	WT-day1	1
19T1	GTCTAGCCTCCAAGAC	WT	1	19	yes	WT-Iday1-Banimal19	Iday1-WT-Banimal19	WT-day1	1
20T1	GTCTAGCCCAAGGTAC	WT	1	20	yes	WT-Iday1-Aanimal20	Iday1-WT-Aanimal20	WT-day1	1
1T2	AACTCTTAAGAGAGAC	spTEM1	2	1	yes	spTEM1-Hday2-Janimal1	Hday2-spTEM1-Janimal1	spTEM1-day2	2
2T2	AACTCTTAGTGTGTAC	spTEM1	2	2	yes	spTEM1-Hday2-Ianimal2	Hday2-spTEM1-Ianimal2	spTEM1-day2	2
3T2	AACTCTTATCTCTCAC	spTEM1	2	3	no	spTEM1-Hday2-Hanimal3	Hday2-spTEM1-Hanimal3	spTEM1-day2	2
4T2	AACTCTTACACACAAC	spTEM1	2	4	yes	spTEM1-Hday2-Ganimal4	Hday2-spTEM1-Ganimal4	spTEM1-day2	2
5T2	AACTCTTAAGGTTCAC	spTEM1	2	5	yes	spTEM1-Hday2-Fanimal5	Hday2-spTEM1-Fanimal5	spTEM1-day2	2
6T2	AACTCTTAGTTCCAAC	spTEM1	2	6	yes	spTEM1-Hday2-Eanimal6	Hday2-spTEM1-Eanimal6	spTEM1-day2	2
7T2	AACTCTTATCCAAGAC	spTEM1	2	7	yes	spTEM1-Hday2-Danimal7	Hday2-spTEM1-Danimal7	spTEM1-day2	2
8T2	AACTCTTACAAGGTAC	spTEM1	2	8	no	spTEM1-Hday2-Canimal8	Hday2-spTEM1-Canimal8	spTEM1-day2	2
9T2	CAATGAGAAGAGAGAC	spTEM1	2	9	yes	spTEM1-Hday2-Banimal9	Hday2-spTEM1-Banimal9	spTEM1-day2	2
10T2	CAATGAGAGTGTGTAC	spTEM1	2	10	yes	spTEM1-Hday2-Aanimal10	Hday2-spTEM1-Aanimal10	spTEM1-day2	2
11T2	CAATGAGATCTCTCAC	WT	2	11	yes	WT-Hday2-Janimal11	Hday2-WT-Janimal11	WT-day2	2
12T2	CAATGAGACACACAAC	WT	2	12	yes	WT-Hday2-Ianimal12	Hday2-WT-Ianimal12	WT-day2	2
13T2	CAATGAGAAGGTTCAC	WT	2	13	yes	WT-Hday2-Hanimal13	Hday2-WT-Hanimal13	WT-day2	2
14T2	CAATGAGAGTTCCAAC	WT	2	14	yes	WT-Hday2-Ganimal14	Hday2-WT-Ganimal14	WT-day2	2
15T2	CAATGAGATCCAAGAC	WT	2	15	yes	WT-Hday2-Fanimal15	Hday2-WT-Fanimal15	WT-day2	2
16T2	CAATGAGACAAGGTAC	WT	2	16	yes	WT-Hday2-Eanimal16	Hday2-WT-Eanimal16	WT-day2	2
17T2	GATGTCAAAGAGAGAC	WT	2	17	yes	WT-Hday2-Danimal17	Hday2-WT-Danimal17	WT-day2	2
18T2	GATGTCAAGTGTGTAC	WT	2	18	yes	WT-Hday2-Canimal18	Hday2-WT-Canimal18	WT-day2	2
19T2	GATGTCAATCTCTCAC	WT	2	19	yes	WT-Hday2-Banimal19	Hday2-WT-Banimal19	WT-day2	2
20T2	GATGTCAACACACAAC	WT	2	20	yes	WT-Hday2-Aanimal20	Hday2-WT-Aanimal20	WT-day2	2
1T3	GATGTCAAAGGTTCAC	spTEM1	3	1	yes	spTEM1-Gday3-Janimal1	Gday3-spTEM1-Janimal1	spTEM1-day3	3
2T3	GATGTCAAGTTCCAAC	spTEM1	3	2	yes	spTEM1-Gday3-Ianimal2	Gday3-spTEM1-Ianimal2	spTEM1-day3	3
4T3	GATGTCAATCCAAGAC	spTEM1	3	4	yes	spTEM1-Gday3-Ganimal4	Gday3-spTEM1-Ganimal4	spTEM1-day3	3
5T3	GATGTCAACAAGGTAC	spTEM1	3	5	yes	spTEM1-Gday3-Fanimal5	Gday3-spTEM1-Fanimal5	spTEM1-day3	3
6T3	TTGATATTAGAGAGAC	spTEM1	3	6	yes	spTEM1-Gday3-Eanimal6	Gday3-spTEM1-Eanimal6	spTEM1-day3	3
7T3	TTGATATTGTGTGTAC	spTEM1	3	7	yes	spTEM1-Gday3-Danimal7	Gday3-spTEM1-Danimal7	spTEM1-day3	3
9T3	TTGATATTTCTCTCAC	spTEM1	3	9	yes	spTEM1-Gday3-Banimal9	Gday3-spTEM1-Banimal9	spTEM1-day3	3
10T3	TTGATATTCACACAAC	spTEM1	3	10	yes	spTEM1-Gday3-Aanimal10	Gday3-spTEM1-Aanimal10	spTEM1-day3	3
11T3	TTGATATTAGGTTCAC	WT	3	11	yes	WT-Gday3-Janimal11	Gday3-WT-Janimal11	WT-day3	3
12T3	TTGATATTGTTCCAAC	WT	3	12	yes	WT-Gday3-Ianimal12	Gday3-WT-Ianimal12	WT-day3	3
13T3	TTGATATTTCCAAGAC	WT	3	13	yes	WT-Gday3-Hanimal13	Gday3-WT-Hanimal13	WT-day3	3
14T3	TTGATATTCAAGGTAC	WT	3	14	yes	WT-Gday3-Ganimal14	Gday3-WT-Ganimal14	WT-day3	3
15T3	CGAGGCCTAGAGAGAC	WT	3	15	yes	WT-Gday3-Fanimal15	Gday3-WT-Fanimal15	WT-day3	3
16T3	CGAGGCCTGTGTGTAC	WT	3	16	yes	WT-Gday3-Eanimal16	Gday3-WT-Eanimal16	WT-day3	3
17T3	CGAGGCCTTCTCTCAC	WT	3	17	yes	WT-Gday3-Danimal17	Gday3-WT-Danimal17	WT-day3	3
18T3	CGAGGCCTCACACAAC	WT	3	18	yes	WT-Gday3-Canimal18	Gday3-WT-Canimal18	WT-day3	3
19T3	CGAGGCCTAGGTTCAC	WT	3	19	yes	WT-Gday3-Banimal19	Gday3-WT-Banimal19	WT-day3	3
20T3	CGAGGCCTGTTCCAAC	WT	3	20	yes	WT-Gday3-Aanimal20	Gday3-WT-Aanimal20	WT-day3	3
1T5	CGAGGCCTTCCAAGAC	spTEM1	5	1	yes	spTEM1-Fday5-Janimal1	Fday5-spTEM1-Janimal1	spTEM1-day5	5
2T5	CGAGGCCTCAAGGTAC	spTEM1	5	2	yes	spTEM1-Fday5-Ianimal2	Fday5-spTEM1-Ianimal2	spTEM1-day5	5
4T5	TGAGCAATAGAGAGAC	spTEM1	5	4	yes	spTEM1-Fday5-Ganimal4	Fday5-spTEM1-Ganimal4	spTEM1-day5	5
5T5	TGAGCAATGTGTGTAC	spTEM1	5	5	yes	spTEM1-Fday5-Fanimal5	Fday5-spTEM1-Fanimal5	spTEM1-day5	5
6T5	TGAGCAATTCTCTCAC	spTEM1	5	6	yes	spTEM1-Fday5-Eanimal6	Fday5-spTEM1-Eanimal6	spTEM1-day5	5
7T5	TGAGCAATCACACAAC	spTEM1	5	7	yes	spTEM1-Fday5-Danimal7	Fday5-spTEM1-Danimal7	spTEM1-day5	5
9T5	TGAGCAATAGGTTCAC	spTEM1	5	9	yes	spTEM1-Fday5-Banimal9	Fday5-spTEM1-Banimal9	spTEM1-day5	5
10T5	TGAGCAATGTTCCAAC	spTEM1	5	10	yes	spTEM1-Fday5-Aanimal10	Fday5-spTEM1-Aanimal10	spTEM1-day5	5
11T5	TGAGCAATTCCAAGAC	WT	5	11	yes	WT-Fday5-Janimal11	Fday5-WT-Janimal11	WT-day5	5
12T5	TGAGCAATCAAGGTAC	WT	5	12	yes	WT-Fday5-Ianimal12	Fday5-WT-Ianimal12	WT-day5	5
13T5	TGTTAATGAGAGAGAC	WT	5	13	yes	WT-Fday5-Hanimal13	Fday5-WT-Hanimal13	WT-day5	5
14T5	TGTTAATGGTGTGTAC	WT	5	14	yes	WT-Fday5-Ganimal14	Fday5-WT-Ganimal14	WT-day5	5
15T5	TGTTAATGTCTCTCAC	WT	5	15	yes	WT-Fday5-Fanimal15	Fday5-WT-Fanimal15	WT-day5	5
16T5	TGTTAATGCACACAAC	WT	5	16	yes	WT-Fday5-Eanimal16	Fday5-WT-Eanimal16	WT-day5	5
17T5	TGTTAATGAGGTTCAC	WT	5	17	yes	WT-Fday5-Danimal17	Fday5-WT-Danimal17	WT-day5	5
18T5	TGTTAATGGTTCCAAC	WT	5	18	yes	WT-Fday5-Canimal18	Fday5-WT-Canimal18	WT-day5	5
19T5	TGTTAATGTCCAAGAC	WT	5	19	yes	WT-Fday5-Banimal19	Fday5-WT-Banimal19	WT-day5	5
20T5	TGTTAATGCAAGGTAC	WT	5	20	yes	WT-Fday5-Aanimal20	Fday5-WT-Aanimal20	WT-day5	5
1T7	TTGATATTAACCAAAC	spTEM1	7	1	yes	spTEM1-Eday7-Janimal1	Eday7-spTEM1-Janimal1	spTEM1-day7	7
2T7	TTGATATTAAGGCCAC	spTEM1	7	2	yes	spTEM1-Eday7-Ianimal2	Eday7-spTEM1-Ianimal2	spTEM1-day7	7
4T7	TTGATATTCCTTCCAC	spTEM1	7	4	yes	spTEM1-Eday7-Ganimal4	Eday7-spTEM1-Ganimal4	spTEM1-day7	7
5T7	TTGATATTCCAATTAC	spTEM1	7	5	yes	spTEM1-Eday7-Fanimal5	Eday7-spTEM1-Fanimal5	spTEM1-day7	7
6T7	TTGATATTTTGGTTAC	spTEM1	7	6	yes	spTEM1-Eday7-Eanimal6	Eday7-spTEM1-Eanimal6	spTEM1-day7	7
7T7	TTGATATTTTCCGGAC	spTEM1	7	7	yes	spTEM1-Eday7-Danimal7	Eday7-spTEM1-Danimal7	spTEM1-day7	7
9T7	TTGATATTGGAAGGAC	spTEM1	7	9	yes	spTEM1-Eday7-Banimal9	Eday7-spTEM1-Banimal9	spTEM1-day7	7
10T7	TTGATATTGGTTAAAC	spTEM1	7	10	yes	spTEM1-Eday7-Aanimal10	Eday7-spTEM1-Aanimal10	spTEM1-day7	7
11T7	CGAGGCCTAACCAAAC	WT	7	11	yes	WT-Eday7-Janimal11	Eday7-WT-Janimal11	WT-day7	7
12T7	CGAGGCCTAAGGCCAC	WT	7	12	yes	WT-Eday7-Ianimal12	Eday7-WT-Ianimal12	WT-day7	7
13T7	CGAGGCCTCCTTCCAC	WT	7	13	yes	WT-Eday7-Hanimal13	Eday7-WT-Hanimal13	WT-day7	7
14T7	CGAGGCCTCCAATTAC	WT	7	14	yes	WT-Eday7-Ganimal14	Eday7-WT-Ganimal14	WT-day7	7
15T7	CGAGGCCTTTGGTTAC	WT	7	15	yes	WT-Eday7-Fanimal15	Eday7-WT-Fanimal15	WT-day7	7
16T7	CGAGGCCTTTCCGGAC	WT	7	16	yes	WT-Eday7-Eanimal16	Eday7-WT-Eanimal16	WT-day7	7
17T7	CGAGGCCTGGAAGGAC	WT	7	17	yes	WT-Eday7-Danimal17	Eday7-WT-Danimal17	WT-day7	7
18T7	CGAGGCCTGGTTAAAC	WT	7	18	yes	WT-Eday7-Canimal18	Eday7-WT-Canimal18	WT-day7	7
19T7	TGAGCAATAACCAAAC	WT	7	19	yes	WT-Eday7-Banimal19	Eday7-WT-Banimal19	WT-day7	7
20T7	TGAGCAATAAGGCCAC	WT	7	20	yes	WT-Eday7-Aanimal20	Eday7-WT-Aanimal20	WT-day7	7
1T9	TGAGCAATCCTTCCAC	spTEM1	9	1	yes	spTEM1-Dday9-Janimal1	Dday9-spTEM1-Janimal1	spTEM1-day9	9
2T9	TGAGCAATCCAATTAC	spTEM1	9	2	yes	spTEM1-Dday9-Ianimal2	Dday9-spTEM1-Ianimal2	spTEM1-day9	9
4T9	TGAGCAATTTGGTTAC	spTEM1	9	4	yes	spTEM1-Dday9-Ganimal4	Dday9-spTEM1-Ganimal4	spTEM1-day9	9
5T9	TGAGCAATTTCCGGAC	spTEM1	9	5	yes	spTEM1-Dday9-Fanimal5	Dday9-spTEM1-Fanimal5	spTEM1-day9	9
6T9	TGAGCAATGGAAGGAC	spTEM1	9	6	yes	spTEM1-Dday9-Eanimal6	Dday9-spTEM1-Eanimal6	spTEM1-day9	9
7T9	TGAGCAATGGTTAAAC	spTEM1	9	7	yes	spTEM1-Dday9-Danimal7	Dday9-spTEM1-Danimal7	spTEM1-day9	9
9T9	TGTTAATGAACCAAAC	spTEM1	9	9	yes	spTEM1-Dday9-Banimal9	Dday9-spTEM1-Banimal9	spTEM1-day9	9
10T9	TGTTAATGAAGGCCAC	spTEM1	9	10	yes	spTEM1-Dday9-Aanimal10	Dday9-spTEM1-Aanimal10	spTEM1-day9	9
11T9	TGTTAATGCCTTCCAC	WT	9	11	yes	WT-Dday9-Janimal11	Dday9-WT-Janimal11	WT-day9	9
12T9	TGTTAATGCCAATTAC	WT	9	12	yes	WT-Dday9-Ianimal12	Dday9-WT-Ianimal12	WT-day9	9
13T9	TGTTAATGTTGGTTAC	WT	9	13	yes	WT-Dday9-Hanimal13	Dday9-WT-Hanimal13	WT-day9	9
14T9	TGTTAATGTTCCGGAC	WT	9	14	yes	WT-Dday9-Ganimal14	Dday9-WT-Ganimal14	WT-day9	9
15T9	TGTTAATGGGAAGGAC	WT	9	15	yes	WT-Dday9-Fanimal15	Dday9-WT-Fanimal15	WT-day9	9
16T9	TGTTAATGGGTTAAAC	WT	9	16	yes	WT-Dday9-Eanimal16	Dday9-WT-Eanimal16	WT-day9	9
17T9	TTCGTTGGAACCAAAC	WT	9	17	yes	WT-Dday9-Danimal17	Dday9-WT-Danimal17	WT-day9	9
18T9	TTCGTTGGAAGGCCAC	WT	9	18	yes	WT-Dday9-Canimal18	Dday9-WT-Canimal18	WT-day9	9
19T9	TTCGTTGGCCTTCCAC	WT	9	19	yes	WT-Dday9-Banimal19	Dday9-WT-Banimal19	WT-day9	9
20T9	TTCGTTGGCCAATTAC	WT	9	20	yes	WT-Dday9-Aanimal20	Dday9-WT-Aanimal20	WT-day9	9
1T12	TTCGTTGGTTGGTTAC	spTEM1	12	1	yes	spTEM1-Cday12-Janimal1	Cday12-spTEM1-Janimal1	spTEM1-day12	12
2T12	TTCGTTGGTTCCGGAC	spTEM1	12	2	yes	spTEM1-Cday12-Ianimal2	Cday12-spTEM1-Ianimal2	spTEM1-day12	12
4T12	TTCGTTGGGGAAGGAC	spTEM1	12	4	yes	spTEM1-Cday12-Ganimal4	Cday12-spTEM1-Ganimal4	spTEM1-day12	12
5T12	TTCGTTGGGGTTAAAC	spTEM1	12	5	yes	spTEM1-Cday12-Fanimal5	Cday12-spTEM1-Fanimal5	spTEM1-day12	12
6T12	GCCACCGGAACCAAAC	spTEM1	12	6	yes	spTEM1-Cday12-Eanimal6	Cday12-spTEM1-Eanimal6	spTEM1-day12	12
7T12	GCCACCGGAAGGCCAC	spTEM1	12	7	yes	spTEM1-Cday12-Danimal7	Cday12-spTEM1-Danimal7	spTEM1-day12	12
9T12	GCCACCGGCCTTCCAC	spTEM1	12	9	yes	spTEM1-Cday12-Banimal9	Cday12-spTEM1-Banimal9	spTEM1-day12	12
10T12	GCCACCGGCCAATTAC	spTEM1	12	10	yes	spTEM1-Cday12-Aanimal10	Cday12-spTEM1-Aanimal10	spTEM1-day12	12
11T12	GCCACCGGTTGGTTAC	WT	12	11	yes	WT-Cday12-Janimal11	Cday12-WT-Janimal11	WT-day12	12
12T12	GCCACCGGTTCCGGAC	WT	12	12	yes	WT-Cday12-Ianimal12	Cday12-WT-Ianimal12	WT-day12	12
13T12	GCCACCGGGGAAGGAC	WT	12	13	yes	WT-Cday12-Hanimal13	Cday12-WT-Hanimal13	WT-day12	12
14T12	GCCACCGGGGTTAAAC	WT	12	14	yes	WT-Cday12-Ganimal14	Cday12-WT-Ganimal14	WT-day12	12
15T12	ATGAACCGAACCAAAC	WT	12	15	yes	WT-Cday12-Fanimal15	Cday12-WT-Fanimal15	WT-day12	12
16T12	ATGAACCGAAGGCCAC	WT	12	16	yes	WT-Cday12-Eanimal16	Cday12-WT-Eanimal16	WT-day12	12
17T12	ATGAACCGCCTTCCAC	WT	12	17	yes	WT-Cday12-Danimal17	Cday12-WT-Danimal17	WT-day12	12
18T12	ATGAACCGCCAATTAC	WT	12	18	yes	WT-Cday12-Canimal18	Cday12-WT-Canimal18	WT-day12	12
19T12	ATGAACCGTTGGTTAC	WT	12	19	yes	WT-Cday12-Banimal19	Cday12-WT-Banimal19	WT-day12	12
20T12	ATGAACCGTTCCGGAC	WT	12	20	yes	WT-Cday12-Aanimal20	Cday12-WT-Aanimal20	WT-day12	12