sample-id	barcode-sequence	treatment-group	time-point-day	animal-number	treatment-group-time-mouse	time-treatment-group-mouse	treatment-group-time
#q2:types	categorical	categorical	categorical	categorical	categorical	categorical	categorical
1T0	ACTTTCGTAGAGAGAC	spTEM1	0	1	spTEM1-Jday0-Janimal1	Jday0-spTEM1-Janimal1	spTEM1-day0
2T0	ACTTTCGTGTGTGTAC	spTEM1	0	2	spTEM1-Jday0-Ianimal2	Jday0-spTEM1-Ianimal2	spTEM1-day0
3T0	ACTTTCGTTCTCTCAC	spTEM1	0	3	spTEM1-Jday0-Hanimal3	Jday0-spTEM1-Hanimal3	spTEM1-day0
4T0	ACTTTCGTCACACAAC	spTEM1	0	4	spTEM1-Jday0-Ganimal4	Jday0-spTEM1-Ganimal4	spTEM1-day0
5T0	ACTTTCGTAGGTTCAC	spTEM1	0	5	spTEM1-Jday0-Fanimal5	Jday0-spTEM1-Fanimal5	spTEM1-day0
6T0	ACTTTCGTGTTCCAAC	spTEM1	0	6	spTEM1-Jday0-Eanimal6	Jday0-spTEM1-Eanimal6	spTEM1-day0
7T0	ACTTTCGTTCCAAGAC	spTEM1	0	7	spTEM1-Jday0-Danimal7	Jday0-spTEM1-Danimal7	spTEM1-day0
8T0	ACTTTCGTCAAGGTAC	spTEM1	0	8	spTEM1-Jday0-Canimal8	Jday0-spTEM1-Canimal8	spTEM1-day0
9T0	TAGTGACTAGAGAGAC	spTEM1	0	9	spTEM1-Jday0-Banimal9	Jday0-spTEM1-Banimal9	spTEM1-day0
10T0	TAGTGACTGTGTGTAC	spTEM1	0	10	spTEM1-Jday0-Aanimal10	Jday0-spTEM1-Aanimal10	spTEM1-day0
11T0	TAGTGACTTCTCTCAC	WT	0	11	WT-Jday0-Janimal11	Jday0-WT-Janimal11	WT-day0
12T0	TAGTGACTCACACAAC	WT	0	12	WT-Jday0-Ianimal12	Jday0-WT-Ianimal12	WT-day0
13T0	TAGTGACTAGGTTCAC	WT	0	13	WT-Jday0-Hanimal13	Jday0-WT-Hanimal13	WT-day0
14T0	TAGTGACTGTTCCAAC	WT	0	14	WT-Jday0-Ganimal14	Jday0-WT-Ganimal14	WT-day0
15T0	TAGTGACTTCCAAGAC	WT	0	15	WT-Jday0-Fanimal15	Jday0-WT-Fanimal15	WT-day0
16T0	TAGTGACTCAAGGTAC	WT	0	16	WT-Jday0-Eanimal16	Jday0-WT-Eanimal16	WT-day0
17T0	CTGTCGATAGAGAGAC	WT	0	17	WT-Jday0-Danimal17	Jday0-WT-Danimal17	WT-day0
18T0	CTGTCGATGTGTGTAC	WT	0	18	WT-Jday0-Canimal18	Jday0-WT-Canimal18	WT-day0
19T0	CTGTCGATTCTCTCAC	WT	0	19	WT-Jday0-Banimal19	Jday0-WT-Banimal19	WT-day0
20T0	CTGTCGATCACACAAC	WT	0	20	WT-Jday0-Aanimal20	Jday0-WT-Aanimal20	WT-day0
1T1	CTGTCGATAGGTTCAC	spTEM1	1	1	spTEM1-Iday1-Janimal1	Iday1-spTEM1-Janimal1	spTEM1-day1
2T1	CTGTCGATGTTCCAAC	spTEM1	1	2	spTEM1-Iday1-Ianimal2	Iday1-spTEM1-Ianimal2	spTEM1-day1
3T1	CTGTCGATTCCAAGAC	spTEM1	1	3	spTEM1-Iday1-Hanimal3	Iday1-spTEM1-Hanimal3	spTEM1-day1
4T1	CTGTCGATCAAGGTAC	spTEM1	1	4	spTEM1-Iday1-Ganimal4	Iday1-spTEM1-Ganimal4	spTEM1-day1
5T1	CAGGTGTGAGAGAGAC	spTEM1	1	5	spTEM1-Iday1-Fanimal5	Iday1-spTEM1-Fanimal5	spTEM1-day1
6T1	CAGGTGTGGTGTGTAC	spTEM1	1	6	spTEM1-Iday1-Eanimal6	Iday1-spTEM1-Eanimal6	spTEM1-day1
7T1	CAGGTGTGTCTCTCAC	spTEM1	1	7	spTEM1-Iday1-Danimal7	Iday1-spTEM1-Danimal7	spTEM1-day1
8T1	CAGGTGTGCACACAAC	spTEM1	1	8	spTEM1-Iday1-Canimal8	Iday1-spTEM1-Canimal8	spTEM1-day1
9T1	CAGGTGTGAGGTTCAC	spTEM1	1	9	spTEM1-Iday1-Banimal9	Iday1-spTEM1-Banimal9	spTEM1-day1
10T1	CAGGTGTGGTTCCAAC	spTEM1	1	10	spTEM1-Iday1-Aanimal10	Iday1-spTEM1-Aanimal10	spTEM1-day1
11T1	CAGGTGTGTCCAAGAC	WT	1	11	WT-Iday1-Janimal11	Iday1-WT-Janimal11	WT-day1
12T1	CAGGTGTGCAAGGTAC	WT	1	12	WT-Iday1-Ianimal12	Iday1-WT-Ianimal12	WT-day1
13T1	GTCTAGCCAGAGAGAC	WT	1	13	WT-Iday1-Hanimal13	Iday1-WT-Hanimal13	WT-day1
14T1	GTCTAGCCGTGTGTAC	WT	1	14	WT-Iday1-Ganimal14	Iday1-WT-Ganimal14	WT-day1
15T1	GTCTAGCCTCTCTCAC	WT	1	15	WT-Iday1-Fanimal15	Iday1-WT-Fanimal15	WT-day1
16T1	GTCTAGCCCACACAAC	WT	1	16	WT-Iday1-Eanimal16	Iday1-WT-Eanimal16	WT-day1
17T1	GTCTAGCCAGGTTCAC	WT	1	17	WT-Iday1-Danimal17	Iday1-WT-Danimal17	WT-day1
18T1	GTCTAGCCGTTCCAAC	WT	1	18	WT-Iday1-Canimal18	Iday1-WT-Canimal18	WT-day1
19T1	GTCTAGCCTCCAAGAC	WT	1	19	WT-Iday1-Banimal19	Iday1-WT-Banimal19	WT-day1
20T1	GTCTAGCCCAAGGTAC	WT	1	20	WT-Iday1-Aanimal20	Iday1-WT-Aanimal20	WT-day1
1T2	AACTCTTAAGAGAGAC	spTEM1	2	1	spTEM1-Hday2-Janimal1	Hday2-spTEM1-Janimal1	spTEM1-day2
2T2	AACTCTTAGTGTGTAC	spTEM1	2	2	spTEM1-Hday2-Ianimal2	Hday2-spTEM1-Ianimal2	spTEM1-day2
3T2	AACTCTTATCTCTCAC	spTEM1	2	3	spTEM1-Hday2-Hanimal3	Hday2-spTEM1-Hanimal3	spTEM1-day2
4T2	AACTCTTACACACAAC	spTEM1	2	4	spTEM1-Hday2-Ganimal4	Hday2-spTEM1-Ganimal4	spTEM1-day2
5T2	AACTCTTAAGGTTCAC	spTEM1	2	5	spTEM1-Hday2-Fanimal5	Hday2-spTEM1-Fanimal5	spTEM1-day2
6T2	AACTCTTAGTTCCAAC	spTEM1	2	6	spTEM1-Hday2-Eanimal6	Hday2-spTEM1-Eanimal6	spTEM1-day2
7T2	AACTCTTATCCAAGAC	spTEM1	2	7	spTEM1-Hday2-Danimal7	Hday2-spTEM1-Danimal7	spTEM1-day2
8T2	AACTCTTACAAGGTAC	spTEM1	2	8	spTEM1-Hday2-Canimal8	Hday2-spTEM1-Canimal8	spTEM1-day2
9T2	CAATGAGAAGAGAGAC	spTEM1	2	9	spTEM1-Hday2-Banimal9	Hday2-spTEM1-Banimal9	spTEM1-day2
10T2	CAATGAGAGTGTGTAC	spTEM1	2	10	spTEM1-Hday2-Aanimal10	Hday2-spTEM1-Aanimal10	spTEM1-day2
11T2	CAATGAGATCTCTCAC	WT	2	11	WT-Hday2-Janimal11	Hday2-WT-Janimal11	WT-day2
12T2	CAATGAGACACACAAC	WT	2	12	WT-Hday2-Ianimal12	Hday2-WT-Ianimal12	WT-day2
13T2	CAATGAGAAGGTTCAC	WT	2	13	WT-Hday2-Hanimal13	Hday2-WT-Hanimal13	WT-day2
14T2	CAATGAGAGTTCCAAC	WT	2	14	WT-Hday2-Ganimal14	Hday2-WT-Ganimal14	WT-day2
15T2	CAATGAGATCCAAGAC	WT	2	15	WT-Hday2-Fanimal15	Hday2-WT-Fanimal15	WT-day2
16T2	CAATGAGACAAGGTAC	WT	2	16	WT-Hday2-Eanimal16	Hday2-WT-Eanimal16	WT-day2
17T2	GATGTCAAAGAGAGAC	WT	2	17	WT-Hday2-Danimal17	Hday2-WT-Danimal17	WT-day2
18T2	GATGTCAAGTGTGTAC	WT	2	18	WT-Hday2-Canimal18	Hday2-WT-Canimal18	WT-day2
19T2	GATGTCAATCTCTCAC	WT	2	19	WT-Hday2-Banimal19	Hday2-WT-Banimal19	WT-day2
20T2	GATGTCAACACACAAC	WT	2	20	WT-Hday2-Aanimal20	Hday2-WT-Aanimal20	WT-day2
1T3	GATGTCAAAGGTTCAC	spTEM1	3	1	spTEM1-Gday3-Janimal1	Gday3-spTEM1-Janimal1	spTEM1-day3
2T3	GATGTCAAGTTCCAAC	spTEM1	3	2	spTEM1-Gday3-Ianimal2	Gday3-spTEM1-Ianimal2	spTEM1-day3
4T3	GATGTCAATCCAAGAC	spTEM1	3	4	spTEM1-Gday3-Ganimal4	Gday3-spTEM1-Ganimal4	spTEM1-day3
5T3	GATGTCAACAAGGTAC	spTEM1	3	5	spTEM1-Gday3-Fanimal5	Gday3-spTEM1-Fanimal5	spTEM1-day3
6T3	TTGATATTAGAGAGAC	spTEM1	3	6	spTEM1-Gday3-Eanimal6	Gday3-spTEM1-Eanimal6	spTEM1-day3
7T3	TTGATATTGTGTGTAC	spTEM1	3	7	spTEM1-Gday3-Danimal7	Gday3-spTEM1-Danimal7	spTEM1-day3
9T3	TTGATATTTCTCTCAC	spTEM1	3	9	spTEM1-Gday3-Banimal9	Gday3-spTEM1-Banimal9	spTEM1-day3
10T3	TTGATATTCACACAAC	spTEM1	3	10	spTEM1-Gday3-Aanimal10	Gday3-spTEM1-Aanimal10	spTEM1-day3
11T3	TTGATATTAGGTTCAC	WT	3	11	WT-Gday3-Janimal11	Gday3-WT-Janimal11	WT-day3
12T3	TTGATATTGTTCCAAC	WT	3	12	WT-Gday3-Ianimal12	Gday3-WT-Ianimal12	WT-day3
13T3	TTGATATTTCCAAGAC	WT	3	13	WT-Gday3-Hanimal13	Gday3-WT-Hanimal13	WT-day3
14T3	TTGATATTCAAGGTAC	WT	3	14	WT-Gday3-Ganimal14	Gday3-WT-Ganimal14	WT-day3
15T3	CGAGGCCTAGAGAGAC	WT	3	15	WT-Gday3-Fanimal15	Gday3-WT-Fanimal15	WT-day3
16T3	CGAGGCCTGTGTGTAC	WT	3	16	WT-Gday3-Eanimal16	Gday3-WT-Eanimal16	WT-day3
17T3	CGAGGCCTTCTCTCAC	WT	3	17	WT-Gday3-Danimal17	Gday3-WT-Danimal17	WT-day3
18T3	CGAGGCCTCACACAAC	WT	3	18	WT-Gday3-Canimal18	Gday3-WT-Canimal18	WT-day3
19T3	CGAGGCCTAGGTTCAC	WT	3	19	WT-Gday3-Banimal19	Gday3-WT-Banimal19	WT-day3
20T3	CGAGGCCTGTTCCAAC	WT	3	20	WT-Gday3-Aanimal20	Gday3-WT-Aanimal20	WT-day3
1T5	CGAGGCCTTCCAAGAC	spTEM1	5	1	spTEM1-Fday5-Janimal1	Fday5-spTEM1-Janimal1	spTEM1-day5
2T5	CGAGGCCTCAAGGTAC	spTEM1	5	2	spTEM1-Fday5-Ianimal2	Fday5-spTEM1-Ianimal2	spTEM1-day5
4T5	TGAGCAATAGAGAGAC	spTEM1	5	4	spTEM1-Fday5-Ganimal4	Fday5-spTEM1-Ganimal4	spTEM1-day5
5T5	TGAGCAATGTGTGTAC	spTEM1	5	5	spTEM1-Fday5-Fanimal5	Fday5-spTEM1-Fanimal5	spTEM1-day5
6T5	TGAGCAATTCTCTCAC	spTEM1	5	6	spTEM1-Fday5-Eanimal6	Fday5-spTEM1-Eanimal6	spTEM1-day5
7T5	TGAGCAATCACACAAC	spTEM1	5	7	spTEM1-Fday5-Danimal7	Fday5-spTEM1-Danimal7	spTEM1-day5
9T5	TGAGCAATAGGTTCAC	spTEM1	5	9	spTEM1-Fday5-Banimal9	Fday5-spTEM1-Banimal9	spTEM1-day5
10T5	TGAGCAATGTTCCAAC	spTEM1	5	10	spTEM1-Fday5-Aanimal10	Fday5-spTEM1-Aanimal10	spTEM1-day5
11T5	TGAGCAATTCCAAGAC	WT	5	11	WT-Fday5-Janimal11	Fday5-WT-Janimal11	WT-day5
12T5	TGAGCAATCAAGGTAC	WT	5	12	WT-Fday5-Ianimal12	Fday5-WT-Ianimal12	WT-day5
13T5	TGTTAATGAGAGAGAC	WT	5	13	WT-Fday5-Hanimal13	Fday5-WT-Hanimal13	WT-day5
14T5	TGTTAATGGTGTGTAC	WT	5	14	WT-Fday5-Ganimal14	Fday5-WT-Ganimal14	WT-day5
15T5	TGTTAATGTCTCTCAC	WT	5	15	WT-Fday5-Fanimal15	Fday5-WT-Fanimal15	WT-day5
16T5	TGTTAATGCACACAAC	WT	5	16	WT-Fday5-Eanimal16	Fday5-WT-Eanimal16	WT-day5
17T5	TGTTAATGAGGTTCAC	WT	5	17	WT-Fday5-Danimal17	Fday5-WT-Danimal17	WT-day5
18T5	TGTTAATGGTTCCAAC	WT	5	18	WT-Fday5-Canimal18	Fday5-WT-Canimal18	WT-day5
19T5	TGTTAATGTCCAAGAC	WT	5	19	WT-Fday5-Banimal19	Fday5-WT-Banimal19	WT-day5
20T5	TGTTAATGCAAGGTAC	WT	5	20	WT-Fday5-Aanimal20	Fday5-WT-Aanimal20	WT-day5
1T7	TTGATATTAACCAAAC	spTEM1	7	1	spTEM1-Eday7-Janimal1	Eday7-spTEM1-Janimal1	spTEM1-day7
2T7	TTGATATTAAGGCCAC	spTEM1	7	2	spTEM1-Eday7-Ianimal2	Eday7-spTEM1-Ianimal2	spTEM1-day7
4T7	TTGATATTCCTTCCAC	spTEM1	7	4	spTEM1-Eday7-Ganimal4	Eday7-spTEM1-Ganimal4	spTEM1-day7
5T7	TTGATATTCCAATTAC	spTEM1	7	5	spTEM1-Eday7-Fanimal5	Eday7-spTEM1-Fanimal5	spTEM1-day7
6T7	TTGATATTTTGGTTAC	spTEM1	7	6	spTEM1-Eday7-Eanimal6	Eday7-spTEM1-Eanimal6	spTEM1-day7
7T7	TTGATATTTTCCGGAC	spTEM1	7	7	spTEM1-Eday7-Danimal7	Eday7-spTEM1-Danimal7	spTEM1-day7
9T7	TTGATATTGGAAGGAC	spTEM1	7	9	spTEM1-Eday7-Banimal9	Eday7-spTEM1-Banimal9	spTEM1-day7
10T7	TTGATATTGGTTAAAC	spTEM1	7	10	spTEM1-Eday7-Aanimal10	Eday7-spTEM1-Aanimal10	spTEM1-day7
11T7	CGAGGCCTAACCAAAC	WT	7	11	WT-Eday7-Janimal11	Eday7-WT-Janimal11	WT-day7
12T7	CGAGGCCTAAGGCCAC	WT	7	12	WT-Eday7-Ianimal12	Eday7-WT-Ianimal12	WT-day7
13T7	CGAGGCCTCCTTCCAC	WT	7	13	WT-Eday7-Hanimal13	Eday7-WT-Hanimal13	WT-day7
14T7	CGAGGCCTCCAATTAC	WT	7	14	WT-Eday7-Ganimal14	Eday7-WT-Ganimal14	WT-day7
15T7	CGAGGCCTTTGGTTAC	WT	7	15	WT-Eday7-Fanimal15	Eday7-WT-Fanimal15	WT-day7
16T7	CGAGGCCTTTCCGGAC	WT	7	16	WT-Eday7-Eanimal16	Eday7-WT-Eanimal16	WT-day7
17T7	CGAGGCCTGGAAGGAC	WT	7	17	WT-Eday7-Danimal17	Eday7-WT-Danimal17	WT-day7
18T7	CGAGGCCTGGTTAAAC	WT	7	18	WT-Eday7-Canimal18	Eday7-WT-Canimal18	WT-day7
19T7	TGAGCAATAACCAAAC	WT	7	19	WT-Eday7-Banimal19	Eday7-WT-Banimal19	WT-day7
20T7	TGAGCAATAAGGCCAC	WT	7	20	WT-Eday7-Aanimal20	Eday7-WT-Aanimal20	WT-day7
1T9	TGAGCAATCCTTCCAC	spTEM1	9	1	spTEM1-Dday9-Janimal1	Dday9-spTEM1-Janimal1	spTEM1-day9
2T9	TGAGCAATCCAATTAC	spTEM1	9	2	spTEM1-Dday9-Ianimal2	Dday9-spTEM1-Ianimal2	spTEM1-day9
4T9	TGAGCAATTTGGTTAC	spTEM1	9	4	spTEM1-Dday9-Ganimal4	Dday9-spTEM1-Ganimal4	spTEM1-day9
5T9	TGAGCAATTTCCGGAC	spTEM1	9	5	spTEM1-Dday9-Fanimal5	Dday9-spTEM1-Fanimal5	spTEM1-day9
6T9	TGAGCAATGGAAGGAC	spTEM1	9	6	spTEM1-Dday9-Eanimal6	Dday9-spTEM1-Eanimal6	spTEM1-day9
7T9	TGAGCAATGGTTAAAC	spTEM1	9	7	spTEM1-Dday9-Danimal7	Dday9-spTEM1-Danimal7	spTEM1-day9
9T9	TGTTAATGAACCAAAC	spTEM1	9	9	spTEM1-Dday9-Banimal9	Dday9-spTEM1-Banimal9	spTEM1-day9
10T9	TGTTAATGAAGGCCAC	spTEM1	9	10	spTEM1-Dday9-Aanimal10	Dday9-spTEM1-Aanimal10	spTEM1-day9
11T9	TGTTAATGCCTTCCAC	WT	9	11	WT-Dday9-Janimal11	Dday9-WT-Janimal11	WT-day9
12T9	TGTTAATGCCAATTAC	WT	9	12	WT-Dday9-Ianimal12	Dday9-WT-Ianimal12	WT-day9
13T9	TGTTAATGTTGGTTAC	WT	9	13	WT-Dday9-Hanimal13	Dday9-WT-Hanimal13	WT-day9
14T9	TGTTAATGTTCCGGAC	WT	9	14	WT-Dday9-Ganimal14	Dday9-WT-Ganimal14	WT-day9
15T9	TGTTAATGGGAAGGAC	WT	9	15	WT-Dday9-Fanimal15	Dday9-WT-Fanimal15	WT-day9
16T9	TGTTAATGGGTTAAAC	WT	9	16	WT-Dday9-Eanimal16	Dday9-WT-Eanimal16	WT-day9
17T9	TTCGTTGGAACCAAAC	WT	9	17	WT-Dday9-Danimal17	Dday9-WT-Danimal17	WT-day9
18T9	TTCGTTGGAAGGCCAC	WT	9	18	WT-Dday9-Canimal18	Dday9-WT-Canimal18	WT-day9
19T9	TTCGTTGGCCTTCCAC	WT	9	19	WT-Dday9-Banimal19	Dday9-WT-Banimal19	WT-day9
20T9	TTCGTTGGCCAATTAC	WT	9	20	WT-Dday9-Aanimal20	Dday9-WT-Aanimal20	WT-day9
1T12	TTCGTTGGTTGGTTAC	spTEM1	12	1	spTEM1-Cday12-Janimal1	Cday12-spTEM1-Janimal1	spTEM1-day12
2T12	TTCGTTGGTTCCGGAC	spTEM1	12	2	spTEM1-Cday12-Ianimal2	Cday12-spTEM1-Ianimal2	spTEM1-day12
4T12	TTCGTTGGGGAAGGAC	spTEM1	12	4	spTEM1-Cday12-Ganimal4	Cday12-spTEM1-Ganimal4	spTEM1-day12
5T12	TTCGTTGGGGTTAAAC	spTEM1	12	5	spTEM1-Cday12-Fanimal5	Cday12-spTEM1-Fanimal5	spTEM1-day12
6T12	GCCACCGGAACCAAAC	spTEM1	12	6	spTEM1-Cday12-Eanimal6	Cday12-spTEM1-Eanimal6	spTEM1-day12
7T12	GCCACCGGAAGGCCAC	spTEM1	12	7	spTEM1-Cday12-Danimal7	Cday12-spTEM1-Danimal7	spTEM1-day12
9T12	GCCACCGGCCTTCCAC	spTEM1	12	9	spTEM1-Cday12-Banimal9	Cday12-spTEM1-Banimal9	spTEM1-day12
10T12	GCCACCGGCCAATTAC	spTEM1	12	10	spTEM1-Cday12-Aanimal10	Cday12-spTEM1-Aanimal10	spTEM1-day12
11T12	GCCACCGGTTGGTTAC	WT	12	11	WT-Cday12-Janimal11	Cday12-WT-Janimal11	WT-day12
12T12	GCCACCGGTTCCGGAC	WT	12	12	WT-Cday12-Ianimal12	Cday12-WT-Ianimal12	WT-day12
13T12	GCCACCGGGGAAGGAC	WT	12	13	WT-Cday12-Hanimal13	Cday12-WT-Hanimal13	WT-day12
14T12	GCCACCGGGGTTAAAC	WT	12	14	WT-Cday12-Ganimal14	Cday12-WT-Ganimal14	WT-day12
15T12	ATGAACCGAACCAAAC	WT	12	15	WT-Cday12-Fanimal15	Cday12-WT-Fanimal15	WT-day12
16T12	ATGAACCGAAGGCCAC	WT	12	16	WT-Cday12-Eanimal16	Cday12-WT-Eanimal16	WT-day12
17T12	ATGAACCGCCTTCCAC	WT	12	17	WT-Cday12-Danimal17	Cday12-WT-Danimal17	WT-day12
18T12	ATGAACCGCCAATTAC	WT	12	18	WT-Cday12-Canimal18	Cday12-WT-Canimal18	WT-day12
19T12	ATGAACCGTTGGTTAC	WT	12	19	WT-Cday12-Banimal19	Cday12-WT-Banimal19	WT-day12
20T12	ATGAACCGTTCCGGAC	WT	12	20	WT-Cday12-Aanimal20	Cday12-WT-Aanimal20	WT-day12
1L1	ATGAACCGGGAAGGAC	LL_Load	L1	1	LL_Load-BdayL1-Janimal1	BdayL1-LL_Load-Janimal1	LL_Load-dayL1
2L1	ATGAACCGGGTTAAAC	LL_Load	L1	2	LL_Load-BdayL1-Ianimal2	BdayL1-LL_Load-Ianimal2	LL_Load-dayL1
3L1	ATCGCCAGAACCAAAC	LL_Load	L1	3	LL_Load-BdayL1-Hanimal3	BdayL1-LL_Load-Hanimal3	LL_Load-dayL1
4L1	ATCGCCAGAAGGCCAC	LL_Load	L1	4	LL_Load-BdayL1-Ganimal4	BdayL1-LL_Load-Ganimal4	LL_Load-dayL1
5L1	ATCGCCAGCCTTCCAC	LL_Load	L1	5	LL_Load-BdayL1-Fanimal5	BdayL1-LL_Load-Fanimal5	LL_Load-dayL1
6L1	ATCGCCAGCCAATTAC	LL_Load	L1	6	LL_Load-BdayL1-Eanimal6	BdayL1-LL_Load-Eanimal6	LL_Load-dayL1
7L1	ATCGCCAGTTGGTTAC	LL_Load	L1	7	LL_Load-BdayL1-Danimal7	BdayL1-LL_Load-Danimal7	LL_Load-dayL1
8L1	ATCGCCAGTTCCGGAC	LL_Load	L1	8	LL_Load-BdayL1-Canimal8	BdayL1-LL_Load-Canimal8	LL_Load-dayL1
9L1	ATCGCCAGGGAAGGAC	LL_Load	L1	9	LL_Load-BdayL1-Banimal9	BdayL1-LL_Load-Banimal9	LL_Load-dayL1
10L1	ATCGCCAGGGTTAAAC	LL_Load	L1	10	LL_Load-BdayL1-Aanimal10	BdayL1-LL_Load-Aanimal10	LL_Load-dayL1
1L2	TCGGGCAGAACCAAAC	LL_Load	L2	1	LL_Load-AdayL2-Janimal1	AdayL2-LL_Load-Janimal1	LL_Load-dayL2
2L2	TCGGGCAGAAGGCCAC	LL_Load	L2	2	LL_Load-AdayL2-Ianimal2	AdayL2-LL_Load-Ianimal2	LL_Load-dayL2
3L2	TCGGGCAGCCTTCCAC	LL_Load	L2	3	LL_Load-AdayL2-Hanimal3	AdayL2-LL_Load-Hanimal3	LL_Load-dayL2
4L2	TCGGGCAGCCAATTAC	LL_Load	L2	4	LL_Load-AdayL2-Ganimal4	AdayL2-LL_Load-Ganimal4	LL_Load-dayL2
5L2	TCGGGCAGTTGGTTAC	LL_Load	L2	5	LL_Load-AdayL2-Fanimal5	AdayL2-LL_Load-Fanimal5	LL_Load-dayL2
6L2	TCGGGCAGTTCCGGAC	LL_Load	L2	6	LL_Load-AdayL2-Eanimal6	AdayL2-LL_Load-Eanimal6	LL_Load-dayL2
7L2	TCGGGCAGGGAAGGAC	LL_Load	L2	7	LL_Load-AdayL2-Danimal7	AdayL2-LL_Load-Danimal7	LL_Load-dayL2
8L2	TCGGGCAGGGTTAAAC	LL_Load	L2	8	LL_Load-AdayL2-Canimal8	AdayL2-LL_Load-Canimal8	LL_Load-dayL2
9L2	CGAAGTTCAACCAAAC	LL_Load	L2	9	LL_Load-AdayL2-Banimal9	AdayL2-LL_Load-Banimal9	LL_Load-dayL2
10L2	CGAAGTTCAAGGCCAC	LL_Load	L2	10	LL_Load-AdayL2-Aanimal10	AdayL2-LL_Load-Aanimal10	LL_Load-dayL2
1L3	CGAAGTTCCCTTCCAC	LL_Load	L3	1	LL_Load-JdayL3-Janimal1	JdayL3-LL_Load-Janimal1	LL_Load-dayL3
2L3	CGAAGTTCCCAATTAC	LL_Load	L3	2	LL_Load-JdayL3-Ianimal2	JdayL3-LL_Load-Ianimal2	LL_Load-dayL3
3L3	CGAAGTTCTTGGTTAC	LL_Load	L3	3	LL_Load-JdayL3-Hanimal3	JdayL3-LL_Load-Hanimal3	LL_Load-dayL3
4L3	CGAAGTTCTTCCGGAC	LL_Load	L3	4	LL_Load-JdayL3-Ganimal4	JdayL3-LL_Load-Ganimal4	LL_Load-dayL3
5L3	CGAAGTTCGGAAGGAC	LL_Load	L3	5	LL_Load-JdayL3-Fanimal5	JdayL3-LL_Load-Fanimal5	LL_Load-dayL3
6L3	CGAAGTTCGGTTAAAC	LL_Load	L3	6	LL_Load-JdayL3-Eanimal6	JdayL3-LL_Load-Eanimal6	LL_Load-dayL3
7L3	TCAAACACAACCAAAC	LL_Load	L3	7	LL_Load-JdayL3-Danimal7	JdayL3-LL_Load-Danimal7	LL_Load-dayL3
8L3	TCAAACACAAGGCCAC	LL_Load	L3	11	LL_Load-JdayL3-Janimal11	JdayL3-LL_Load-Janimal11	LL_Load-dayL3
9L3	TCAAACACCCTTCCAC	LL_Load	L3	9	LL_Load-JdayL3-Banimal9	JdayL3-LL_Load-Banimal9	LL_Load-dayL3
10L3	TCAAACACCCAATTAC	LL_Load	L3	10	LL_Load-JdayL3-Aanimal10	JdayL3-LL_Load-Aanimal10	LL_Load-dayL3
